Metodo,SRS,ΔSRS,Tiempo_s
Baseline 0 — Histórico (u=0),-0.1563118090710891,0.0,
Baseline 1 — Regla umbral,-0.14999122897683548,0.006320580094253625,
Baseline 2 — Genético (DEAP),-0.14537095293012758,0.010940856140961519,7.892459869384766
Cuántico   — QUBO + SA,-0.14537095293012758,0.010940856140961519,68.59802484512329
Política   — RNA (futura),-0.15677645226007147,-0.0004646431889823721,
