Metodo,SRS,ΔSRS,Tiempo_s
Baseline 0 — Histórico (u=0),-0.1563118090710891,0.0,
Baseline 1 — Regla umbral,-0.14999122897683548,0.006320580094253625,
Baseline 2 — Genético (DEAP),-0.14537095293012758,0.010940856140961519,7.733944416046143
QUBO + SA (CPU),-0.14537095293012758,0.010940856140961519,96.11709880828857
QCentroid — qaoa (fallback a sa_gpu),-0.14537095293012758,0.010940856140961519,4370.693304538727
QUBO + SA (GPU),-0.14537095293012758,0.010940856140961519,4370.693304538727
