{
  "status": "success",
  "SRS": -0.14537095293012758,
  "u_opt": [
    -3617.7254999999996,
    -3617.7254999999996,
    -3617.7254999999996,
    -3617.7254999999996,
    -3617.7254999999996,
    -3617.7254999999996,
    -3617.7254999999996,
    -3617.7254999999996,
    -3617.7254999999996,
    -3617.7254999999996,
    -3617.7254999999996,
    0.0,
    0.0,
    0.0,
    0.0,
    0.0,
    0.0,
    0.0,
    0.0,
    0.0,
    0.0,
    0.0,
    0.0,
    0.0,
    0.0,
    0.0
  ],
  "S_traj": [
    581232.1,
    592741.8255000003,
    597751.9509999999,
    600905.2765000005,
    584445.0020000001,
    542214.7275000007,
    494315.05300000036,
    464173.97850000113,
    415269.90400000085,
    375200.6295000005,
    362688.35500000085,
    356243.0805000013,
    348251.08050000004,
    353579.08050000085,
    381548.08050000004,
    442235.4805000004,
    537718.0804999993,
    625785.0804999993,
    731893.4805000003,
    820558.4805000003,
    881784.0805,
    906282.8805000002,
    893018.0804999999,
    891496.6804999998,
    894033.4804999996,
    841756.6805000002,
    807176.0805
  ],
  "T": 26,
  "delta_u": 3617.7254999999996,
  "tiempo_s": 4370.693304538727,
  "meta": {
    "E_best": 0.14537095293012758,
    "SRS": -0.14537095293012758,
    "t_gpu_s": 4370.69297003746,
    "n_restarts": 128,
    "n_iter": 500000,
    "fallback_from": "qaoa",
    "qaoa_qubits_requested": 130
  }
}